id,text,subreddit,timestamp,author,label,score
mkr9uzm,who can hold them accountable? democrats have to follow laws because their supporters don't turn out for them when they do mean things. republicans know they can shit in their voters fucking mouth and they will still line up to give them more power.,technology,1743457371.0,RUOFFURTROLLEH,Negative,0.922
mkr9vzt,"this obsession with republicans is not helping any of us. the democrats have been even worse. there is seemingly a huge break in the republican party over things like the israel commanded deportations and surveillance technology. the problem is that the system is inherently dualistic and the powerful know and foster the division between these two fake parties they both control. you may hate republicans or democrats because the ruling class whispers that into each side‚Äôs ears, but if we want to have any chance (i am pessimistic) we will need to unite on this issue or we will find ourselves in prison planet, if that isn‚Äôt already a valid description already.",technology,1743457380.0,CommunistFutureUSA,Negative,0.875
mkr9ww9,"lol what a weak administration, can't even control their own staff.",technology,1743457389.0,welestgw,Negative,0.883
mkr9xjv,or they just resign because they are so against what's being asked of them. like idk refuse.,technology,1743457394.0,Balgard,Negative,0.844
mkr9ykj,the criminal says this is done. no more chatting about it or you will be beaten and deported.,technology,1743457403.0,HeadStarboard,Negative,0.884
mkr9ymh,is that maga‚Äôs motto?,technology,1743457404.0,hugoriffic,Neutral,0.823
mkra0m4,"the real story here is government officials coordinating in channels for which there will be no paper trails, no foia requests.... and therefore no accountability. and yes, that is explicitly described in part of project 2025.",technology,1743457421.0,sixwax,Neutral,0.642
mkra1k6,"you an expert on ""nonsensical"" studies? mind giving some examples?",technology,1743457429.0,moseelke,Neutral,0.763
mkra27a,we investigated ourselves and found nothing,technology,1743457435.0,ThatDarnRosco,Neutral,0.496
mkra3yd,schrodinger's classification,technology,1743457451.0,bittlelum,Neutral,0.751
mkra41p,interesting how they‚Äôre using sub money and bandwidth to generate ghibli toons and fraud tools.,technology,1743457452.0,Warjilis,Neutral,0.515
mkra46w,"every time i hear ""proud boy"" i think of a little kid proud that he made a doody in the toilet instead of his diaper.",technology,1743457453.0,This_guy_works,Neutral,0.41
mkra4pz,key point is duplicates. as much as certain anime fans might like having 50gb of images dumped in their temp directory that isn't what happens.,technology,1743457458.0,weirdal1968,Negative,0.563
mkra4v6,"if you only listen to your echo chambers like reddit, you would never learn it. it‚Äôs how the ruling class likes it too, because they last thing they want if for the peasants to unite. it‚Äôs far better for them to keep the peasants polarized",technology,1743457459.0,CommunistFutureUSA,Negative,0.647
mkra57y,"this is why scientist and artist do not generally excel in politics, because they're wise enough to realize it's bullshit.",technology,1743457463.0,Sugon_Dese1,Negative,0.875
mkra5dl,"actually, the action item is to do something even more shambolic so we forget about this one.",technology,1743457464.0,recordtronic,Negative,0.672
mkra5ko,lmao i‚Äôm incredibly unstable for not jumping to conclusions and thinking critically about things. ok buddy don‚Äôt forget to take your meds.,technology,1743457465.0,AbyssLookingAtYa,Negative,0.866
mkra5zb,"after have waged in civil war for the latter half of the last century, sure it's risen from the ashes to be a better place to live than america. listen to yourself",technology,1743457469.0,Reef-Mortician,Negative,0.447
mkra8it,oh good. tesla didn‚Äôt have an image problem or anything.,technology,1743457493.0,Radiant_Kiwi_5948,Positive,0.793
mkra99e,i misread that first time.,technology,1743457499.0,dormango,Negative,0.666
mkra9li,"this whataboutism is nonsense. everyone breaking the law doesn‚Äôt mean the actions are not illegal. prosecute. also, at least hold people to similar standards, where those involved should be in multiple congressional hearings if being compared to actions of previous administrations",technology,1743457502.0,TubasAreFun,Negative,0.707
mkraa6g,divide your estimate by about 3 and you're much closer to reality.,technology,1743457507.0,SoDavonair,Neutral,0.575
mkrabae,that level of job security would be pretty cool. i'm a white man. a tall white man. but shit i care about people who aren't and that's disqualifying.,technology,1743457517.0,Senior-Albatross,Negative,0.474
mkrac1a,at least that was **active** imagination.,technology,1743457523.0,GingerSkulling,Neutral,0.68
mkracdh,"i'd believe it was a simple screw up except someone purposely set it to delete the conversation. and if it was a screw up, they are mind-bogglingly incompetent.",technology,1743457526.0,Hirokage,Negative,0.915
mkracoe,what‚Äôs funny is a few years ago there were people in texas smashing charging stations pissed about electric cars coming into the picture. i imagine certain people who are opposed to the idea of man made climate change.,technology,1743457529.0,hawtjustluc,Negative,0.539
mkracus,"no, he could still have done that as a terrible person. if you want to buy love, forgiving medical debt is a really cheap way to do it. one dollar buys a hundred dollars worth of gratitude, no kindness, caring, or effort required.",technology,1743457531.0,kottabaz,Neutral,0.42
mkradjb,ya but how many will stay after they find out the image generation feature is for paid subscriber accounts only?,technology,1743457537.0,ssowinski,Neutral,0.694
mkraean,wow another way for people to try to scam small businesses.,technology,1743457544.0,Novapixel1010,Negative,0.825
mkraerk,mitigation plan: blame democrats and woke.,technology,1743457549.0,Senior-Albatross,Negative,0.513
mkrafec,"when was the last time we got 3 days in without some kind of insane news? they know we can't keep all of it at the forefront, so as long as they keep the hits coming that game plan will work 100%.",technology,1743457555.0,EliLapis,Neutral,0.653
mkrahhl,"the only purpose of doge is to gut public institutions so that they no longer function. the next step is to point at the failures and say, ""look it doesn't work!"" then privatize that function to the detriment of everyone but the wealthy.",technology,1743457573.0,moseelke,Negative,0.822
mkrahti,you‚Äôll find it in 3 days,technology,1743457576.0,brandnewbanana,Neutral,0.699
mkrahto,"gee, what took the so long to help ellie did you call copres donvict first",technology,1743457576.0,ChoiceMedicine1462,Neutral,0.498
mkrajbm,just because hes crying doesnt mean he aint lying.,technology,1743457589.0,greenyoke,Negative,0.521
mkrajov,"so they came with industrial sized pritt sticks to make sure the wing panels didn‚Äôt fly off the wank-panzers as they circled the crowds ,over and over trying to intimidate them till the batteries ran out üòÇ",technology,1743457593.0,Gasgas41,Neutral,0.492
mkrajyh,democracy is dead,technology,1743457595.0,Chemical-Ad9297,Negative,0.902
mkralle,no one in their right mind supports him.,technology,1743457610.0,pantstoaknifefight2,Negative,0.937
mkram1q,this from the same dipshits who acted like they would‚Äôve done a better job during our withdrawal from afghanistan üòÇ,technology,1743457614.0,ComprehensiveEast376,Negative,0.715
mkram6k,"i successfully logged into the ssa website on a sunday afternoon, yesterday, and applied for my monthly payments.",technology,1743457615.0,dratsablive,Positive,0.722
mkramop,firing tesla‚Äôs pr department turned out to be a mercy killing.,technology,1743457620.0,Radiant_Kiwi_5948,Negative,0.81
mkramvy,"here‚Äôs the thing. even if you don‚Äôt think this is true, how trump is quickly destroying the u.s. alliances you kind of want to hope this is the case. i would imagine if this actually came to light to enough former allies, then it becomes more clear the u.s. has fallen into the hands of a hostile foreign dictator not a population of people who support this and have been actively hoodwinked. still might not be enough to mend relations, but i‚Äôd imagine it would at least make them easier to mend.",technology,1743457621.0,Difficult_Zone6457,Negative,0.698
mkran09,its like you haven't witnessed anything musk says or does if you think he would ever spend his money to help average folk. what else is in your fantasy land?,technology,1743457623.0,RUOFFURTROLLEH,Negative,0.692
mkranfv,did you give him shit for being an idiot?,technology,1743457626.0,JumboKraken,Negative,0.941
mkraov2,"thank you for your submission, but due to the high volume of spam coming from self-publishing blog sites, /r/technology has opted to filter all of those posts pending mod approval. you may [message the moderators](/message/compose?to=/r/technology&subject=request for post review) to request a review/approval provided you are not the author or are not associated at all with the submission. thank you for understanding. *i am a bot, and this action was performed automatically. please [contact the moderators of this subreddit](/message/compose/?to=/r/technology) if you have any questions or concerns.*",technology,1743457639.0,AutoModerator,Neutral,0.658
mkraqjd,it's faster to just spam some data into a singal chat eh?,technology,1743457654.0,uknow_es_me,Neutral,0.649
mkrarv3,mission accomplished,technology,1743457666.0,CrazyWork2940,Positive,0.639
mkras3c,they don‚Äôt come running with wallets full of cash to purchase teslas though.,technology,1743457668.0,Radiant_Kiwi_5948,Neutral,0.771
mkrasya,"i'm torn here. on the one hand i want to be irritated about further project cuts. on the other hand, it's oracle. when your enemies are fighting each other, let them.",technology,1743457676.0,Majik_Sheff,Negative,0.635
mkratjv,so are they going to force customer‚Äôs to buy tesla‚Ä¶ let see them do that.,technology,1743457681.0,Last_Comedian188,Neutral,0.629
mkratr6,this means any federal employee can now share sensitive information via signal right,technology,1743457683.0,deekaydubya,Neutral,0.741
mkrauou,"such fine, upstanding citizens, those proud boys. [",technology,1743457691.0,RaygunMarksman,Positive,0.94
mkraurg,yeah the richest man in the world is dedicating his time trying to figure out how to get the government out of *your* life.,technology,1743457692.0,necronomiconmortis,Negative,0.525
mkrauu0,everything worked out better than planned. mission accomplished.,technology,1743457693.0,LemmingSoup01,Positive,0.939
mkrawh8,are you not reading the words that i am typing?,technology,1743457708.0,kottabaz,Neutral,0.516
mkrawhq,yep. there‚Äôs no expectation the u.s should help with european defense. no once criticized america for only allocating 175 billion of aid. europe is totally self reliant and we just insist on involving ourselves in conducts they can handle on their own sound right?,technology,1743457708.0,AngryAlabamian,Negative,0.498
mkrawvl,"what an obviously fake comment. you obviously don't work in the lab, and if you do somehow miraculously do, then i can guarantee that no one in that lab actually likes you if you're talking about them like this. as someone who actually does work in a lab, i and can attest to 50% of the researchers voicing that they'll either be leave once thier project is done, or wait for things to countinue to spiral, especially if funding isn't feasible, and if this lab can't get money then thier is literally no reason to work in the us for my specfic field of stem research. most of the ones that are planning on staying either just don't have the know-how, or they didn't have a choice in the matter to begin with due to external reasons.",technology,1743457711.0,TheWolrdsonFire,Negative,0.802
mkrawxc,hahahahahahhaha. can't wait to see the posters and commercials with these noble defenders of tesla's virtue.,technology,1743457712.0,runkrod1140,Positive,0.938
mkrax2x,thanks. i've met them in person a few times and they're super cool people at least.,technology,1743457713.0,abrownn,Positive,0.982
mkraxhd,">it‚Äôs also deployed it on 10,000+ laptops at my last company and never had an issue. ...because setting up policies to store bitlocker keys in ad is completely trivial, and is an entirely different thing than a home user being expected to understand what bitlocker does and what could happen if they lose their recovery key.",technology,1743457717.0,Own-Dot1463,Neutral,0.459
mkray35,"unless he sang springtime for hitler in the parking lot, it wasn‚Äôt a joke.",technology,1743457720.0,brandnewbanana,Neutral,0.736
mkrayib,"this stuff is tricky and i'm not a lawyer, but i did go to a lecture on the gray legal areas of technology. part of that lecture was on why de-aging consenting adult actresses is illegal. it doesn't matter that the product itself was made without harm, it could be seen as supporting the vile acts. encouraging the collection of such material, and masking the content made with actual harm.",technology,1743457727.0,BlackSpicedRum,Negative,0.745
mkrazhc,this was their dumb excuse for trump as well who made much less money,technology,1743457734.0,FortNightsAtPeelys,Negative,0.839
mkrb11c,"any time i see ""white house says,"" with this administration, i just assume whatever follows is false.",technology,1743457748.0,DangerousDustmote,Negative,0.847
mkrb123,nomophonia (anxiety and fear when not having a phone) has been found to be quite [prevalent ]( across kids and [adults]( i think they may just be claiming it's about contacting since they can't specifically call out the anxiety for the phones sake. since the adults say the same thing in studies.,technology,1743457748.0,beliefinphilosophy,Negative,0.526
mkrb14p,"all jokes aside, it‚Äôs dangerous to drive a tesla",technology,1743457749.0,SubpoenaSender,Negative,0.826
mkrb209,"maybe you will shove your weapons up your ass once we stop buying them. what existed up until recently between european countries and usa was a complex web deals which provided both sides with what they wanted. if your whole takeway from that is that we were ""freeloading"" then you don't know shit. we are buying your weapons, we host your army bases, we joined you once you invoked nato article 5, some of us hosted your cia torture prisons, we supported your soft power while maintaining trade relations beneficial to both sides. no one asked usa to protect us and it is basically mob tactics to suddenly demand some kind of payback for what was done so far.",technology,1743457757.0,Kinexity,Negative,0.729
mkrb27v,"they absolutely *cannot* connect the dots, and will vilify those that can",technology,1743457759.0,itwillmakesenselater,Negative,0.94
mkrb2na,its not the information they access...its the malware they install...focus people!!!!,technology,1743457762.0,LARufCTR,Negative,0.83
mkrb3ps,we have investigated ourselves and discovered we did nothing wrong. /s obviously,technology,1743457772.0,A62main,Neutral,0.568
mkrb3qc,"yeah, in italy and germany in the 30s.",technology,1743457772.0,moseelke,Neutral,0.842
mkrb5d9,"he probably types google into google to find google to perform a google search, but spells google wrong so.....",technology,1743457786.0,Original-Mission-244,Negative,0.647
mkrb62z,"it's eid for muslim today/yesterday. so they wanna ghiblify their ""festive"" photos of family and friends to post online.",technology,1743457793.0,GohSooHowe,Neutral,0.744
mkrb68q,"vw began to turn around a decade after de-nazification. musk remains an unapologetic white supremacist and fascist, seig-heiling on inauguration day, openly undermining democracy by bribing voters, while illegally firing public servants and dismantling our democratic citizens democracy. tesla shareholders still haven't fired his toxic ass. tesla's far, far away from even beginning the long journey to redemption.",technology,1743457794.0,blahblah98,Negative,0.936
mkrb7jr,and cue a few dozen comments talking about brigading and claiming everyone is a liberal masquerading as a conservative.,technology,1743457806.0,AmishAvenger,Negative,0.505
mkrb89h,and that system he‚Äôs fighting is democracy‚Ä¶and democracy is barely putting up a fight,technology,1743457812.0,dip_tet,Negative,0.578
mkrb8d6,lmao aka ‚Äúwe investigated ourselves and found no wrongdoing‚Äù,technology,1743457813.0,micluvin27,Neutral,0.738
mkrb8my,"i mean, i literally said 'progress society or technology' so no, it does not need to have a strictly economic benefit. but a lot of research does yield economic benefits if through little else then the creation of positive externalities or serving as stepping stone for other fields. the kind of 'bad' science i'm talking about is one that answers questions only the field itself asks - self created problems really. that is a social studies issue quite often. and then there is just shoddy work as well. and then there's biased work - or forced to be biased work - that has to create some outcomes that are deemed desirable. well, what is the worth of such work?",technology,1743457815.0,Working_Complex8122,Negative,0.578
mkrb96l,he has openly said he is shooting for a 3rd term dude. step back from what kool aid again?,technology,1743457820.0,moseelke,Negative,0.679
